"","County","State","Fatalities.Count","X","DIST_br","DIST_fu","DIST_ho","DIST_in","DIST_li","DIST_ma","DIST_hi","DIST_sc"
"1","KENT COUNTY","Delaware",24.7777777777778,300,1164.65294943432,10639.0171043973,10162.9403275135,3620.74876126216,10622.4382567541,14688.929170327,12952.0457253784,2095.73024238378
"2","NEW CASTLE COUNTY","Delaware",56.6666666666667,301,931.578579291882,5496.04515927059,5257.66231758824,1377.48797731165,4609.39627330529,29810.4164883529,8106.83397107647,1540.81041983294
"3","SUSSEX COUNTY","Delaware",41.7777777777778,302,2107.46441519672,13728.5677181333,9657.75517681094,4738.72056239062,10197.3585372266,61439.9168107813,11478.0890919703,3248.63654850875
