"","County","State","Fatalities.Percent","X","DIST_br","DIST_fu","DIST_ho","DIST_in","DIST_li","DIST_ma","DIST_hi","DIST_sc"
"1","HAWAII COUNTY","Hawaii",0.0196821081581225,526,8468.88971889468,21782.4596099489,19260.1615416511,6115.14871858936,3768748.23287234,311121.120885106,3737150.86012766,4480.51348755106
"2","HONOLULU COUNTY","Hawaii",0.00734811111302883,527,669.911119365514,3134.17459910009,4471.79303323589,1852.69067584299,3844896.76582243,16785.8473800813,3795624.4098972,987.255237318505
"3","KAUAI COUNTY","Hawaii",0.0145676645699533,528,983.32352352,7787.15303300667,8672.8437618,4893.84263431333,3928328.8964,186155.8805,3870404.63786667,2663.016991
"4","MAUI COUNTY","Hawaii",0.0134642379596941,529,1795.75458536862,4666.24419997586,8556.78425206896,2488.79817280345,3761494.56855172,150477.09359931,3720278.02951724,2672.55685899483
